"sep=	"
Shimmer_85E7_TimestampSync_Unix_CAL	Shimmer_85E7_EMG_CH1_24BIT_CAL	
ms	mV	
1.6378346177863186E12	8.472031570120443	
1.6378346178058496E12	8.452005797863698	
1.6378346178253809E12	8.466382042533006	
1.637834617844912E12	8.471887326862891	
1.637834617864443E12	8.463425055753198	
1.6378346178839744E12	8.466454164161782	
1.6378346179035054E12	8.469363069855739	
1.6378346179230366E12	8.469795799628393	
1.6378346179425676E12	8.463280812495647	
1.6378346179620989E12	8.464194353126807	
1.6378346179816301E12	8.472560462064799	
1.6378346180011611E12	8.47631078676114	
1.6378346180206924E12	8.476479070561616	
1.6378346180402234E12	8.478474435624413	
1.6378346180597546E12	8.474627948756371	
1.637834618079286E12	8.470108326686422	
1.637834618098817E12	8.461357569061626	
1.6378346181183481E12	8.467584069679269	
1.6378346181378792E12	8.454866622471805	
1.6378346181574104E12	8.462775961094216	
1.6378346181769417E12	8.461237366347	
1.6378346181964727E12	8.453448230439214	
1.637834618216004E12	8.451837514063222	
1.637834618235535E12	8.439264310113309	
1.6378346182550662E12	8.455467636044936	
1.6378346182745972E12	8.440850985946376	
1.6378346182941284E12	8.442413621236518	
1.6378346183136597E12	8.430128903801709	
1.6378346183331907E12	8.434215796099004	
1.637834618352722E12	8.430513552488513	
1.637834618372253E12	8.424647660014749	
1.6378346183917842E12	8.429527890228577	
1.6378346184113154E12	8.417940348538599	
1.6378346184308464E12	8.414863159044165	
1.6378346184503777E12	8.410343536974215	
1.6378346184699087E12	8.397626089766751	
1.63783461848944E12	8.40346794169759	
1.6378346185089712E12	8.400462873831932	
1.6378346185285022E12	8.380845790804917	
1.6378346185480334E12	8.382312263923358	
1.6378346185675645E12	8.376590614707146	
1.6378346185870957E12	8.370556438432905	
1.6378346186066267E12	8.372263316980598	
1.637834618626158E12	8.35596382887727	
1.6378346186456892E12	8.365844492019553	
1.6378346186652202E12	8.363897208042607	
1.6378346186847515E12	8.357550504710337	
1.6378346187042825E12	8.353655936756445	
1.6378346187238137E12	8.352021179837527	
1.637834618743345E12	8.353247247526715	
1.637834618762876E12	8.341443340950411	
1.6378346187824072E12	8.337933421683323	
1.6378346188019382E12	8.336250583678554	
1.6378346188214695E12	8.323292731041837	
1.6378346188410007E12	8.322908082355033	
1.6378346188605317E12	8.341443340950411	
1.637834618880063E12	8.318821190057738	
1.637834618899594E12	8.324735163617353	
1.6378346189191252E12	8.331105907492548	
1.6378346189386562E12	8.321946460638022	
1.6378346189581875E12	8.318364419742158	
1.6378346189777188E12	8.318436541370934	
1.6378346189972498E12	8.318532703542635	
1.637834619016781E12	8.315215108618949	
1.637834619036312E12	8.312738932697647	
1.6378346190558433E12	8.317763406169027	
1.6378346190753745E12	8.306055661764423	
1.6378346190949055E12	8.308748202572053	
1.6378346191144368E12	8.315503595134052	
1.6378346191339678E12	8.306752837509256	
1.637834619153499E12	8.307834661940893	
1.6378346191730303E12	8.315167027533098	
1.6378346191925613E12	8.309349216145185	
1.6378346192120925E12	8.309036689087156	
1.6378346192316235E12	8.305863337421021	
1.6378346192511548E12	8.308315472799398	
1.6378346192706858E12	8.311080135235803	
1.637834619290217E12	8.302954431727064	
1.6378346193097483E12	8.305743134706395	
1.6378346193292793E12	8.298290566399562	
1.6378346193488105E12	8.304493026474281	
1.6378346193683416E12	8.305598891448843	
1.6378346193878728E12	8.311320540665056	
1.637834619407404E12	8.300261890919435	
1.637834619426935E12	8.309637702660288	
1.6378346194464663E12	8.308339513342323	
1.6378346194659973E12	8.277014685910704	
1.6378346194855286E12	8.303218877699242	
1.6378346195050598E12	8.311128216321654	
1.6378346195245908E12	8.300670580149164	
1.637834619544122E12	8.306945161852658	
1.637834619563653E12	8.303771810186523	
1.6378346195831843E12	8.307209607824836	
1.6378346196027153E12	8.310118513518793	
1.6378346196222466E12	8.293049728041854	
1.6378346196417778E12	8.309637702660288	
1.6378346196613088E12	8.311368621750907	
1.63783461968084E12	8.347645801025129	
1.637834619700371E12	8.287279997739791	
1.6378346197199023E12	8.295069133647576	
1.6378346197394336E12	8.372239276437673	
1.6378346197589646E12	8.27124495560864	
1.6378346197784958E12	8.328942258629274	
1.6378346197980269E12	8.33088954260622	
1.637834619817558E12	8.245858142279562	
1.6378346198370894E12	8.32271575801163	
1.6378346198566204E12	8.326393961079196	
1.6378346198761516E12	8.3747394929019	
1.6378346198956826E12	8.246771682910722	
1.6378346199152139E12	8.359906477917013	
1.6378346199347449E12	8.262854806127724	
1.6378346199542761E12	8.324687082531502	
1.6378346199738074E12	8.309493459402736	
1.6378346199933384E12	8.350747031062488	
1.6378346200128696E12	8.360411329318444	
1.6378346200324006E12	8.257830332656344	
1.637834620051932E12	8.39159191349251	
1.6378346200714631E12	8.274826996504505	
1.6378346200909941E12	8.342861732983001	
1.6378346201105254E12	8.315479554591127	
1.6378346201300564E12	8.299035823230247	
1.6378346201495876E12	8.255330116192116	
1.637834620169119E12	8.295622066134857	
1.63783462018865E12	8.2903331466913	
1.6378346202081812E12	8.395053751673748	
1.6378346202277122E12	8.287977173484624	
1.6378346202472434E12	8.278288834685743	
1.6378346202667744E12	8.296102876993363	
1.6378346202863057E12	8.300574417977463	
1.637834620305837E12	8.264994414448072	
1.637834620325368E12	8.250113318377334	
1.6378346203448992E12	8.293602660529135	
1.6378346203644302E12	8.280692888978269	
1.6378346203839614E12	8.40529502295991	
1.6378346204034927E12	8.495759585987678	
1.6378346204230237E12	8.407650996166586	
1.637834620442555E12	8.369690978887595	
1.637834620462086E12	8.48092657100279	
1.6378346204816172E12	8.535931333215792	
1.6378346205011484E12	8.580334215998755	
1.6378346205206794E12	8.51330918232312	
1.6378346205402107E12	8.500231126971777	
1.6378346205597417E12	8.525497737586228	
1.637834620579273E12	8.498355964623606	
1.637834620598804E12	8.48965328808466	
1.6378346206183352E12	8.479532219513125	
1.6378346206378665E12	8.532830103178433	
1.6378346206573975E12	8.39803477899648	
1.6378346206769287E12	8.609663678367577	
1.6378346206964597E12	8.496625045532987	
1.637834620715991E12	8.372455641324	
1.6378346207355222E12	8.522516710263496	
1.6378346207550532E12	8.508020262879562	
1.6378346207745845E12	8.511217655088622	
1.6378346207941155E12	8.491528450432831	
1.6378346208136467E12	8.453303987181663	
1.637834620833178E12	8.569275566253134	
1.637834620852709E12	8.50326023538036	
1.6378346208722402E12	8.447101527106945	
1.6378346208917712E12	8.489412882655408	
1.6378346209113025E12	8.488980152882753	
1.6378346209308335E12	8.507611573649832	
1.6378346209503647E12	8.414863159044165	
1.637834620969896E12	8.503572762438388	
1.637834620989427E12	8.403588144412216	
1.6378346210089583E12	8.488932071796903	
1.6378346210284893E12	8.410006969373262	
1.6378346210480205E12	8.369498654544193	
1.6378346210675518E12	8.399140643971043	
1.6378346210870828E12	8.336683313451209	
1.637834621106614E12	8.463088488152245	
1.637834621126145E12	8.416690240306485	
1.6378346211456763E12	8.492562193778618	
1.6378346211652075E12	8.528286440565559	
1.6378346211847385E12	8.408372212454344	
1.6378346212042698E12	8.431114566061645	
1.6378346212238008E12	8.417098929536214	
1.637834621243332E12	8.421257943462285	
1.637834621262863E12	8.515809398787347	
1.6378346212823943E12	8.378874466285046	
1.6378346213019255E12	8.365844492019553	
1.6378346213214565E12	8.439937445315216	
1.6378346213409878E12	8.419551064914591	
1.6378346213605188E12	8.353824220556922	
1.63783462138005E12	8.437605512651466	
1.6378346213995813E12	8.427580606251631	
1.6378346214191123E12	8.380965993519544	
1.6378346214386436E12	8.37108533037726	
1.6378346214581746E12	8.39478930570157	
1.6378346214777058E12	8.38981291331604	
1.637834621497237E12	8.40260248215228	
1.637834621516768E12	8.33399077264358	
1.6378346215362993E12	8.448640121854162	
1.6378346215558303E12	8.404958455358956	
1.6378346215753616E12	8.352550071781883	
1.6378346215948926E12	8.40164086043527	
1.6378346216144238E12	8.426883430506798	
1.637834621633955E12	8.41981551088677	
1.637834621653486E12	8.460179582458288	
1.6378346216730173E12	8.431330930947972	
1.6378346216925483E12	8.452678933065606	
1.6378346217120796E12	8.40620856359107	
1.6378346217316108E12	8.455635919845413	
1.6378346217511418E12	8.386230872420176	
1.637834621770673E12	8.462054744806458	
1.637834621790204E12	8.445923540503607	
1.6378346218097354E12	8.428518187425716	
1.6378346218292666E12	8.425272714130806	
1.6378346218487976E12	8.352045220380452	
1.6378346218683289E12	8.419791470343844	
1.6378346218878599E12	8.46950731311329	
1.637834621907391E12	8.426402619648293	
1.637834621926922E12	8.459097758026651	
1.6378346219464534E12	8.443783932183258	
1.6378346219659846E12	8.49422099124046	
1.6378346219855156E12	8.489052274511529	
1.6378346220050469E12	8.472416218807247	
1.637834622024578E12	8.435009134015537	
1.6378346220441091E12	8.449505581399471	
1.6378346220636404E12	8.489629247541735	
1.6378346220831714E12	8.464266474755583	
1.6378346221027026E12	8.440009566943992	
1.6378346221222336E12	8.47087762406003	
1.637834622141765E12	8.428373944168165	
1.6378346221612961E12	8.50924633056875	
1.6378346221808271E12	8.459169879655427	
1.6378346222003584E12	8.443255040238903	
1.6378346222198894E12	8.534224454668099	
1.6378346222394207E12	8.434600444785808	
1.6378346222589517E12	8.496721207704688	
1.637834622278483E12	8.484099922668925	
1.6378346222980142E12	8.476070381331887	
1.6378346223175452E12	8.500399410772253	
1.6378346223370764E12	8.443591607839856	
1.6378346223566074E12	8.50051961348688	
1.6378346223761387E12	8.46397798824048	
1.63783462239567E12	8.512660087664138	
1.637834622415201E12	8.479315854626797	
1.6378346224347322E12	8.574997215469347	
1.6378346224542632E12	8.507996222336637	
1.6378346224737944E12	8.519463561311987	
1.6378346224933257E12	8.532806062635508	
1.6378346225128567E12	8.499125261997214	
1.637834622532388E12	8.500543654029805	
1.637834622551919E12	8.492273707263514	
1.6378346225714502E12	8.473642286496435	
1.6378346225909812E12	8.356324437021149	
1.6378346226105125E12	8.468473569767504	
1.6378346226300437E12	8.462367271864487	
1.6378346226495747E12	8.396520224792189	
1.637834622669106E12	8.513838074267476	
1.637834622688637E12	8.528358562194335	
1.6378346227081682E12	8.546364928845357	
1.6378346227276995E12	8.57802632387793	
1.6378346227472305E12	8.4066172528208	
1.6378346227667617E12	8.5024428569209	
1.6378346227862927E12	8.534344657382725	
1.637834622805824E12	8.627141153074243	
1.6378346228253552E12	8.488403179852547	
1.6378346228448862E12	8.58264210811958	
1.6378346228644175E12	8.579540878082222	
1.6378346228839485E12	8.613005313834188	
1.6378346229034797E12	8.621756071458984	
1.6378346229230107E12	8.620313638883468	
1.637834622942542E12	8.586512635530548	
1.6378346229620732E12	8.587017486931979	
1.6378346229816042E12	8.474363502784193	
1.6378346230011355E12	8.601177366714959	
1.6378346230206665E12	8.58401241906632	
1.6378346230401978E12	8.57208830977539	
1.637834623059729E12	8.570958404257903	
1.63783462307926E12	8.550812429286532	
1.6378346230987913E12	8.611442678544046	
1.6378346231183223E12	8.68832433481904	
1.6378346231378535E12	8.53533031964266	
1.6378346231573848E12	8.594758541753913	
1.6378346231769158E12	8.654907980152922	
1.637834623196447E12	8.537734373935187	
1.637834623215978E12	8.663730859406494	
1.6378346232355093E12	8.61949626042401	
1.6378346232550403E12	8.64329639792002	
1.6378346232745715E12	8.549177672367614	
1.6378346232941028E12	8.611635002887448	
1.6378346233136338E12	8.58706556801783	
1.637834623333165E12	8.627886409904926	
1.637834623352696E12	8.62461689606709	
1.6378346233722273E12	8.55569265950036	
1.6378346233917585E12	8.610745502799213	
1.6378346234112896E12	8.656182128927961	
1.6378346234308208E12	8.55838520030799	
1.6378346234503518E12	8.696570241042405	
1.637834623469883E12	8.632958964462157	
1.6378346234894143E12	8.68192955040092	
1.6378346235089453E12	8.695897105840498	
1.6378346235284766E12	8.683972996549567	
1.6378346235480076E12	8.562736538577463	
1.6378346235675388E12	8.672000806172784	
1.6378346235870698E12	8.657263953359598	
1.637834623606601E12	8.68741079418788	
1.6378346236261323E12	8.636565045900946	
1.6378346236456633E12	8.673683644177554	
1.6378346236651946E12	8.565669484814345	
1.6378346236847256E12	8.528286440565559	
1.6378346237042568E12	8.58995043316886	
1.637834623723788E12	8.662096102487576	
1.637834623743319E12	8.600335947712574	
1.6378346237628503E12	8.592955501034519	
1.6378346237823813E12	8.639041221822248	
1.6378346238019126E12	8.785952979638534	
1.6378346238214438E12	8.878773515872977	
1.6378346238409749E12	8.866440717352317	
1.637834623860506E12	8.886057800379332	
1.637834623880037E12	8.899232017902376	
1.6378346238995684E12	8.839635511990648	
1.6378346239190994E12	8.755637855009777	
1.6378346239386306E12	8.865599298349933	
1.6378346239581619E12	8.796602940154425	
1.6378346239776929E12	8.88180262428156	
1.637834623997224E12	8.861368162795086	
1.6378346240167551E12	8.89641927438012	
1.6378346240362864E12	8.810570495594005	
1.6378346240558176E12	8.862474027769649	
1.6378346240753486E12	8.77607231649625	
1.63783462409488E12	8.721380081341277	
1.637834624114411E12	8.816700834039947	
1.6378346241339421E12	8.808166441301479	
1.6378346241534734E12	8.76095081499626	
1.6378346241730044E12	8.798141534901644	
1.6378346241925356E12	8.75551765229515	
1.6378346242120667E12	8.830427984050273	
1.637834624231598E12	8.845092715234683	
1.637834624251129E12	8.80054558919417	
1.6378346242706602E12	8.815234360921506	
1.6378346242901914E12	8.825475632207668	
1.6378346243097224E12	8.826461294467604	
1.6378346243292537E12	8.760109395993876	
1.6378346243487847E12	8.667288859759433	
1.637834624368316E12	8.763330828745861	
1.6378346243878472E12	8.857714000270446	
1.6378346244073782E12	8.822133996741057	
1.6378346244269094E12	8.838217119958058	
1.6378346244464404E12	8.862353825055022	
1.6378346244659717E12	8.883196975771225	
1.637834624485503E12	8.836245795438186	
1.637834624505034E12	8.887091543725118	
1.6378346245245652E12	8.9036314372577	
1.6378346245440962E12	8.782082452227566	
1.6378346245636274E12	8.821508942625	
1.6378346245831584E12	8.845597566636114	
1.6378346246026897E12	8.872498934169483	
1.637834624622221E12	8.906396099694105	
1.637834624641752E12	8.903751639972326	
1.6378346246612832E12	8.887500232954848	
1.6378346246808142E12	8.925364088062139	
1.6378346247003455E12	8.933201305055775	
1.6378346247198767E12	8.964814619002496	
1.6378346247394077E12	8.912069667824467	
1.637834624758939E12	8.96474249737372	
1.63783462477847E12	9.051504816790997	
1.6378346247980012E12	8.979022579871327	
1.6378346248175325E12	9.018761597326787	
1.6378346248370635E12	9.020516556960331	
1.6378346248565947E12	9.022992732881633	
1.6378346248761257E12	9.0494132895565	
1.637834624895657E12	9.055062817143936	
1.637834624915188E12	9.081579535990501	
1.6378346249347192E12	9.105788362716241	
1.6378346249542505E12	9.06645803449051	
1.6378346249737815E12	9.088815739411006	
1.6378346249933127E12	9.108745349496049	
1.6378346250128438E12	9.150263367127978	
1.637834625032375E12	9.124443824026246	
1.6378346250519062E12	9.132665689706686	
1.6378346250714373E12	9.166755179574709	
1.6378346250909685E12	9.207191372775004	
1.6378346251104995E12	9.135117825085063	
1.6378346251300308E12	9.2250775367114	
1.637834625149562E12	9.152667421420505	
1.637834625169093E12	9.20046002075593	
1.6378346251886243E12	9.176010788600937	
1.6378346252081553E12	9.224019752822688	
1.6378346252276865E12	9.291934286586557	
1.6378346252472175E12	9.215966170942725	
1.6378346252667488E12	9.231039591356865	
1.63783462528628E12	9.301021611812308	
1.637834625305811E12	9.291501556813902	
1.6378346253253423E12	9.25806116160486	
1.6378346253448733E12	9.279120677207391	
1.6378346253644045E12	9.376869524741513	
1.6378346253839358E12	9.299507057608016	
1.6378346254034668E12	9.292607421788464	
1.637834625422998E12	9.299314733264614	
1.637834625442529E12	9.386942512227199	
1.6378346254620603E12	9.317537464801964	
1.6378346254815913E12	9.349030576034059	
1.6378346255011226E12	9.309868531608805	
1.6378346255206538E12	9.304219004021368	
1.6378346255401848E12	9.359199725691445	
1.637834625559716E12	9.273399027991179	
1.637834625579247E12	9.247242917288492	
1.6378346255987783E12	9.350184522094471	
1.6378346256183096E12	9.290636097268592	
1.6378346256378406E12	9.315974829511822	
1.6378346256573718E12	9.303377585018984	
1.6378346256769028E12	9.321432032755856	
1.637834625696434E12	9.276115609341733	
1.6378346257159653E12	9.415214190707308	
1.6378346257354963E12	9.264936756881486	
1.6378346257550276E12	9.333957155619919	
1.6378346257745586E12	9.32400437084886	
1.6378346257940898E12	9.377879227544375	
1.6378346258136208E12	9.358622752661239	
1.637834625833152E12	9.360209428494306	
1.6378346258526833E12	9.272942257675599	
1.6378346258722144E12	9.36831109146012	
1.6378346258917456E12	9.297175124944266	
1.6378346259112766E12	9.36977756457856	
1.6378346259308079E12	9.348068954317048	
1.637834625950339E12	9.368647659061073	
1.63783462596987E12	9.360570036638185	
1.6378346259894014E12	9.292342975816286	
1.6378346260089324E12	9.3140515860778	
1.6378346260284636E12	9.301286057784486	
1.6378346260479949E12	9.381268944096837	
1.637834626067526E12	9.278038852775754	
1.6378346260870571E12	9.274793379480844	
1.6378346261065881E12	9.310685910068264	
1.6378346261261194E12	9.397183783513361	
1.6378346261456504E12	9.363623185589693	
1.6378346261651816E12	9.293064192104044	
1.637834626184713E12	9.345712981110372	
1.637834626204244E12	9.257436107488804	
1.6378346262237751E12	9.22462076639582	
1.6378346262433062E12	9.324485181707365	
1.6378346262628374E12	9.26202785118753	
1.6378346262823687E12	9.242723295218543	
1.6378346263018997E12	9.301358179413262	
1.637834626321431E12	9.407449095342448	
1.637834626340962E12	9.366700375084127	
1.6378346263604932E12	9.452477032241468	
1.6378346263800244E12	9.317128775572234	
1.6378346263995554E12	9.566284962449666	
1.6378346264190867E12	9.302343841673197	
1.6378346264386177E12	9.374681835335315	
1.637834626458149E12	9.438028665943385	
1.63783462647768E12	9.422907164443394	
1.6378346264972112E12	9.364055915362348	
1.6378346265167424E12	9.518035592798661	
1.6378346265362734E12	9.313618856305146	
1.6378346265558047E12	9.39667893211193	
1.6378346265753357E12	9.463319317100762	
1.637834626594867E12	9.437115125312225	
1.6378346266143982E12	9.460410411406805	
1.6378346266339292E12	9.455602302821752	
1.6378346266534604E12	9.375379011080147	
1.6378346266729915E12	9.477358994169116	
1.6378346266925227E12	9.419397245176304	
1.637834626712054E12	9.488369562828886	
1.637834626731585E12	9.48327296772873	
1.6378346267511162E12	9.457934235485503	
1.6378346267706472E12	9.509140591916314	
1.6378346267901785E12	9.423171610415572	
1.6378346268097095E12	9.355641725338506	
1.6378346268292407E12	9.478561021315379	
1.637834626848772E12	9.404492108562641	
1.637834626868303E12	9.425984353937828	
1.6378346268878342E12	9.423195650958498	
1.6378346269073652E12	9.489595630518075	
1.6378346269268965E12	9.364873293821807	
1.6378346269464277E12	9.417305717941806	
1.6378346269659587E12	9.433821570931464	
1.63783462698549E12	9.416584501654048	
1.637834627005021E12	9.384105728162018	
1.6378346270245522E12	9.409083852261366	
1.6378346270440835E12	9.336361209912445	
1.6378346270636145E12	9.379393781748666	
1.6378346270831458E12	9.404708473448968	
1.6378346271026768E12	9.372397983757415	
1.637834627122208E12	9.392135269499056	
1.637834627141739E12	9.439447057975975	
1.6378346271612703E12	9.347155413685888	
1.6378346271808015E12	9.40937233877647	
1.6378346272003325E12	9.371700808012582	
1.6378346272198638E12	9.361603779983971	
1.6378346272393948E12	9.358694874290014	
1.637834627258926E12	9.344294589077782	
1.6378346272784573E12	9.34506388645139	
1.6378346272979883E12	9.374176983933884	
1.6378346273175195E12	9.356867793027694	
1.6378346273370505E12	9.317465343173188	
1.6378346273565818E12	9.345640859481597	
1.637834627376113E12	9.348742089518955	
1.637834627395644E12	9.35282898181625	
1.6378346274151753E12	9.323235073475251	
1.6378346274347063E12	9.344126305277305	
1.6378346274542375E12	9.291790043329005	
1.6378346274737686E12	9.316383518741551	
1.6378346274932998E12	9.309483882922	
1.637834627512831E12	9.315710383539644	
1.637834627532362E12	9.307440436773353	
1.6378346275518933E12	9.24974313375272	
1.6378346275714243E12	9.251017282527759	
1.6378346275909556E12	9.292126610929959	
1.6378346276104868E12	9.271980635958588	
1.6378346276300178E12	9.257436107488804	
1.637834627649549E12	9.321071424611977	
1.63783462766908E12	9.21284090036244	
1.6378346276886113E12	9.342034778042807	
1.6378346277081426E12	9.277173393230445	
1.6378346277276736E12	9.199690723382322	
1.6378346277472048E12	9.30994065323758	
1.6378346277667358E12	9.265008878510262	
1.637834627786267E12	9.255104174825053	
1.637834627805798E12	9.253998309850491	
1.6378346278253293E12	9.273423068534104	
1.6378346278448606E12	9.256811053372747	
1.6378346278643916E12	9.251474052843339	
1.6378346278839229E12	9.267028284115984	
1.6378346279034539E12	9.19137269553018	
1.637834627922985E12	9.175217450684404	
1.6378346279425164E12	9.163269300850546	
1.6378346279620474E12	9.218346184692326	
1.6378346279815786E12	9.183271032564367	
1.6378346280011096E12	9.185001951654986	
1.6378346280206409E12	9.166298409259129	
1.637834628040172E12	9.172765315306027	
1.6378346280597031E12	9.235871740484843	
1.6378346280792344E12	9.195411506741625	
1.6378346280987654E12	9.188511870922074	
1.6378346281182966E12	9.241857835673233	
1.6378346281378276E12	9.179809194383129	
1.637834628157359E12	9.209859873039708	
1.6378346281768901E12	9.167452355319542	
1.6378346281964211E12	9.18716560051826	
1.6378346282159524E12	9.175890585886311	
1.6378346282354834E12	9.199714763925247	
1.6378346282550146E12	9.158533313894269	
1.637834628274546E12	9.149638313011922	
1.637834628294077E12	9.191973709103312	
1.6378346283136082E12	9.160937368186795	
1.6378346283331392E12	9.145407177457075	
1.6378346283526704E12	9.153773286395067	
1.6378346283722017E12	9.197454952890272	
1.6378346283917327E12	9.148051637178854	
1.637834628411264E12	9.16507234156994	
1.637834628430795E12	9.155191678427657	
1.6378346284503262E12	9.184665384054032	
1.6378346284698572E12	9.113962147310831	
1.6378346284893884E12	9.200195574783752	
1.6378346285089197E12	9.136536217117653	
1.6378346285284507E12	9.164279003653407	
1.637834628547982E12	9.123938972624815	
1.637834628567513E12	9.16086524655802	
1.6378346285870442E12	9.111053241616874	
1.6378346286065754E12	9.164206882024631	
1.6378346286261064E12	9.10701443040543	
1.6378346286456377E12	9.092277577592244	
1.6378346286651687E12	9.153220353907786	
1.6378346286847E12	9.106221092488896	
1.6378346287042312E12	9.104946943713857	
1.6378346287237622E12	9.149686394097772	
1.6378346287432935E12	9.11665468811846	
1.6378346287628245E12	9.133410946537369	
1.6378346287823557E12	9.0722518053355	
1.6378346288018867E12	9.102013997476975	
1.637834628821418E12	9.101845713676498	
1.6378346288409492E12	9.099922470242477	
1.6378346288604802E12	9.103696835481744	
1.6378346288800115E12	9.086075117517526	
1.6378346288995425E12	9.100451362186833	
1.6378346289190737E12	9.10386511928222	
1.637834628938605E12	8.983133512711547	
1.637834628958136E12	9.076651224690822	
1.6378346289776672E12	9.06864572389671	
1.6378346289971982E12	8.97976783670201	
1.6378346290167295E12	9.084055711911803	
1.6378346290362607E12	9.093070915508777	
1.6378346290557917E12	9.152090448390299	
1.637834629075323E12	9.092710307364898	
1.637834629094854E12	9.150744177986484	
1.6378346291143853E12	9.134781257484109	
1.6378346291339163E12	9.065111764086696	
1.6378346291534475E12	9.241497227529354	
1.6378346291729788E12	9.290708218897368	
1.6378346291925098E12	9.225390063769428	
1.637834629212041E12	9.254935891024576	
1.637834629231572E12	9.183126789306815	
1.6378346292511033E12	9.266884040858432	
1.6378346292706345E12	9.176371396744816	
1.6378346292901655E12	9.116462363775058	
1.6378346293096968E12	9.082973887480167	
1.6378346293292278E12	9.100138835128805	
1.637834629348759E12	9.071867156648695	
1.6378346293682903E12	9.073093224337883	
1.6378346293878213E12	9.027368111694031	
1.6378346294073525E12	8.954116577400754	
1.6378346294268835E12	9.084704806570786	
1.6378346294464148E12	9.010756096532674	
1.6378346294659458E12	9.030541463360166	
1.637834629485477E12	8.948274725469915	
1.6378346295050083E12	9.043547397082733	
1.6378346295245393E12	9.01448238068609	
1.6378346295440706E12	9.005178690574013	
1.6378346295636016E12	8.995105703088328	
1.6378346295831328E12	9.139829771498414	
1.637834629602664E12	8.985970296776728	
1.637834629622195E12	9.03554189628862	
1.6378346296417263E12	9.007775069209941	
1.6378346296612573E12	9.060664263645522	
1.6378346296807886E12	9.009818515358589	
1.6378346297003198E12	9.057899601209117	
1.6378346297198508E12	9.075785765145513	
1.637834629739382E12	9.089585036784614	
1.637834629758913E12	9.138050771321945	
1.6378346297784443E12	9.139324920096984	
1.6378346297979753E12	9.166707098488859	
1.6378346298175066E12	9.286477083342522	
1.6378346298370378E12	9.145527380171702	
1.6378346298565688E12	9.20416226436642	
1.6378346298761E12	9.272245081930766	
1.637834629895631E12	9.218201941434774	
1.6378346299151624E12	9.2457283630842	
1.6378346299346936E12	9.255801350569886	
1.6378346299542246E12	9.357084157914022	
1.6378346299737559E12	9.232193537417277	
1.6378346299932869E12	9.265297365025365	
1.637834630012818E12	9.281236244984814	
1.6378346300323494E12	9.300324436067475	
1.6378346300518804E12	9.284938488595305	
1.6378346300714116E12	9.280466947611206	
1.6378346300909426E12	9.291934286586557	
1.6378346301104739E12	9.291645800071453	
1.637834630130005E12	9.28815992134729	
1.6378346301495361E12	9.35593021185361	
1.6378346301690674E12	9.27755804191725	
1.6378346301885984E12	9.288304164604842	
1.6378346302081296E12	9.437980584857534	
1.6378346302276606E12	9.348092994859973	
1.637834630247192E12	9.328451871290033	
1.6378346302667231E12	9.459136262631766	
1.6378346302862542E12	9.330327033638204	
1.6378346303057854E12	9.382495011786025	
1.6378346303253164E12	9.319580910950611	
1.6378346303448477E12	9.395573067137368	
1.637834630364379E12	9.303113139046806	
1.63783463038391E12	9.307704882745531	
1.6378346304034412E12	9.228948064122367	
1.6378346304229722E12	9.344727318850437	
1.6378346304425034E12	9.446827504654031	
1.6378346304620344E12	9.191084209015077	
1.6378346304815657E12	9.28770315103171	
1.637834630501097E12	9.399635918891738	
1.637834630520628E12	9.209355021638277	
1.6378346305401592E12	9.329966425494325	
1.6378346305596902E12	9.313570775219295	
1.6378346305792214E12	9.268614959949051	
1.6378346305987527E12	9.266379189457002	
1.6378346306182837E12	9.249959498639047	
1.637834630637815E12	9.302440003844898	
1.637834630657346E12	9.240030754410913	
1.6378346306768772E12	9.305685477139809	
1.6378346306964084E12	9.214451616738433	
1.6378346307159395E12	9.29751169254522	
1.6378346307354707E12	9.245199471139845	
1.6378346307550017E12	9.283736461449042	
1.637834630774533E12	9.287102137458579	
1.637834630794064E12	9.254094472022192	
1.6378346308135952E12	9.247435241631894	
1.6378346308331265E12	9.274120244278937	
1.6378346308526575E12	9.363959753190647	
1.6378346308721887E12	9.412377406642127	
1.6378346308917197E12	9.2068067240882	
1.637834630911251E12	9.226616131458616	
1.6378346309307822E12	9.300901409097682	
1.6378346309503132E12	9.415166109621458	
1.6378346309698445E12	9.373191321673948	
1.6378346309893755E12	9.31039742355316	
1.6378346310089067E12	9.188944600694729	
1.637834631028438E12	9.19868102057946	
1.637834631047969E12	9.246930390230464	
1.6378346310675002E12	9.243973403450656	
1.6378346310870312E12	9.218009617091372	
1.6378346311065625E12	9.377061849084916	
1.6378346311260935E12	9.184208613738452	
1.6378346311456248E12	9.31770574860244	
1.637834631165156E12	9.331841587842495	
1.637834631184687E12	9.289722556637432	
1.6378346312042183E12	9.244935025167667	
1.6378346312237493E12	9.290059124238386	
1.6378346312432805E12	9.324076492477635	
1.6378346312628118E12	9.30441132836477	
1.6378346312823428E12	9.37338364601735	
1.637834631301874E12	9.345785102739148	
1.637834631321405E12	9.445072545020487	
1.6378346313409363E12	9.12396301316774	
1.6378346313604675E12	9.377230132885392	
1.6378346313799985E12	9.315974829511822	
1.6378346313995298E12	9.395861553652471	
1.6378346314190608E12	9.206782683545274	
1.637834631438592E12	9.327081560343293	
1.637834631458123E12	9.209427143267053	
1.6378346314776543E12	9.218250022520625	
1.6378346314971855E12	8.788573398817388	
1.6378346315167166E12	9.418219258572966	
1.6378346315362478E12	9.405646054623054	
1.6378346315557788E12	9.259599756352078	
1.63783463157531E12	9.359319928406071	
1.6378346315948413E12	9.034291788056507	
1.6378346316143723E12	9.326576708941863	
1.6378346316339036E12	8.99808673041106	
1.6378346316534346E12	8.992749729881652	
1.6378346316729658E12	9.035349571945218	
1.637834631692497E12	9.127689297321156	
1.637834631712028E12	8.733256109546357	
1.6378346317315593E12	9.111269606503202	
1.6378346317510903E12	9.192887249734472	
1.6378346317706216E12	8.968108173383257	
1.6378346317901526E12	8.791530385597195	
1.6378346318096838E12	8.908848235072481	
1.637834631829215E12	9.22781815860488	
1.637834631848746E12	8.893991179544669	
1.6378346318682773E12	8.868171636442936	
1.6378346318878083E12	9.1749289641693	
1.6378346319073396E12	8.919546276674224	
1.6378346319268708E12	9.025204462830757	
1.6378346319464019E12	9.017343205294196	
1.637834631965933E12	9.00270251465271	
1.637834631985464E12	8.763715477432665	
1.6378346320049954E12	9.2091867378378	
1.6378346320245266E12	9.15081629961526	
1.6378346320440576E12	8.869181339245797	
1.6378346320635889E12	8.773019167544742	
1.6378346320831199E12	9.075881927317214	
1.6378346321026511E12	8.909857937875342	
1.6378346321221821E12	8.845525445007338	
1.6378346321417134E12	9.052418357422157	
1.6378346321612446E12	8.859036230131336	
1.6378346321807756E12	9.137545919920514	
1.637834632200307E12	8.56427513332468	
1.637834632219838E12	8.92368125005737	
1.6378346322393691E12	8.870864177250565	
1.6378346322589004E12	8.921277195764842	
1.6378346322784314E12	8.895746139178213	
1.6378346322979626E12	8.812565860656802	
1.6378346323174937E12	8.846030296408768	
1.637834632337025E12	8.974911647031107	
1.6378346323565562E12	8.860406541078076	
1.6378346323760872E12	8.877018556239433	
1.6378346323956184E12	8.942625197882478	
1.6378346324151494E12	8.814921833863478	
1.6378346324346807E12	8.836269835981112	
1.6378346324542117E12	8.927768142354665	
1.637834632473743E12	8.963468348598681	
1.6378346324932742E12	8.861897054739442	
1.6378346325128052E12	8.788164709587658	
1.6378346325323364E12	8.817926901729136	
1.6378346325518674E12	8.894255625516847	
1.6378346325713987E12	8.805642184294326	
1.63783463259093E12	8.889760043989822	
1.637834632610461E12	8.813647685088439	
1.6378346326299922E12	8.735636123295958	
1.6378346326495232E12	8.807685630442974	
1.6378346326690544E12	8.747944881273693	
1.6378346326885857E12	8.857882284070923	
1.6378346327081167E12	8.681617023342891	
1.637834632727648E12	8.828216254101148	
1.637834632747179E12	8.793141101973188	
1.6378346327667102E12	8.647022682073436	
1.6378346327862412E12	8.777755154501019	
1.6378346328057725E12	8.714240040092474	
1.6378346328253037E12	8.689093632192648	
1.6378346328448347E12	8.757080287585293	
1.637834632864366E12	8.69755590330234	
1.637834632883897E12	8.710465674853207	
1.6378346329034282E12	8.663586616148942	
1.6378346329229595E12	8.693084362318242	
1.6378346329424905E12	8.642479019460561	
1.6378346329620217E12	8.656759101958167	
1.6378346329815527E12	8.6756309281545	
1.637834633001084E12	8.71897602704875	
1.6378346330206152E12	8.645556208954995	
1.6378346330401462E12	8.66288944040411	
1.6378346330596775E12	8.623006179691098	
1.6378346330792085E12	8.595311474241194	
1.6378346330987397E12	8.624833260953418	
1.6378346331182708E12	8.549634442683194	
1.637834633137802E12	8.666471481299974	
1.6378346331573333E12	8.610072367597306	
1.6378346331768643E12	8.587786784305587	
1.6378346331963955E12	8.609615597281726	
1.6378346332159265E12	8.521242561488457	
1.6378346332354578E12	8.473762489211062	
1.637834633254989E12	8.577882080620379	
1.63783463327452E12	8.431883863435253	
1.6378346332940513E12	8.554298308010695	
1.6378346333135823E12	8.558240957050439	
1.6378346333331135E12	8.555524375699884	
1.6378346333526448E12	8.598004015048824	
1.6378346333721758E12	8.525113088899424	
1.637834633391707E12	8.56026036265616	
1.637834633411238E12	8.51417464186843	
1.6378346334307693E12	8.473930773011539	
1.6378346334503003E12	8.532373332862853	
1.6378346334698315E12	8.504486303069548	
1.6378346334893628E12	8.487104990534583	
1.6378346335088938E12	8.538094982079066	
1.637834633528425E12	8.524199548268264	
1.637834633547956E12	8.555043564841379	
1.6378346335674873E12	8.49773091050755	
1.6378346335870186E12	8.450683568002809	
1.6378346336065496E12	8.53025776508543	
1.6378346336260808E12	8.34586680084866	
1.6378346336456118E12	8.476166543503588	
1.637834633665143E12	8.443158878067202	
1.6378346336846743E12	8.504534384155399	
1.6378346337042053E12	8.362574978181717	
1.6378346337237366E12	8.376831020136398	
1.6378346337432676E12	8.342909814068852	
1.6378346337627988E12	8.433350336553694	
1.6378346337823298E12	8.339087367743735	
1.637834633801861E12	8.431162647147495	
1.6378346338213923E12	8.36413761347186	
1.6378346338409233E12	8.447774662308852	
1.6378346338604546E12	8.333509961785074	
1.6378346338799856E12	8.404309360699974	
1.6378346338995168E12	8.399236806142744	
1.637834633919048E12	8.363969329671383	
1.637834633938579E12	8.448423756967834	
1.6378346339581104E12	8.305406567105441	
1.6378346339776414E12	8.30992618917539	
1.6378346339971726E12	8.358512126427348	
1.6378346340167039E12	8.350771071605413	
1.6378346340362349E12	8.340794246291429	
1.637834634055766E12	8.236602533253336	
1.637834634075297E12	8.367190762423368	
1.6378346340948284E12	8.353439571870117	
1.6378346341143594E12	8.410006969373262	
1.6378346341338906E12	8.312642770525946	
1.6378346341534219E12	8.212057138926642	
1.637834634172953E12	8.190468731379756	
1.6378346341924841E12	8.278817726630098	
1.6378346342120151E12	8.343895476328788	
1.6378346342315464E12	8.183737379360682	
1.6378346342510776E12	8.316921987166642	
1.6378346342706086E12	8.28444321367461	
1.63783463429014E12	8.175659756937794	
1.637834634309671E12	8.429047079370072	
1.6378346343292021E12	8.109524223350393	
1.6378346343487334E12	8.314301567987789	
1.6378346343682644E12	8.312498527268394	
1.6378346343877957E12	8.319854933403525	
1.6378346344073267E12	8.308603959314501	
1.637834634426858E12	8.280260159205614	
1.637834634446389E12	8.275428010077636	
1.6378346344659202E12	8.227467126941736	
1.6378346344854514E12	8.223500437359068	
1.6378346345049824E12	8.320215541547404	
1.6378346345245137E12	8.218596166602314	
1.6378346345440447E12	8.237588195513272	
1.637834634563576E12	8.065073259481581	
1.6378346345831072E12	8.348631463285065	
1.6378346346026382E12	8.245377331421057	
1.6378346346221694E12	8.29357861998621	
1.6378346346417004E12	8.226914194454455	
1.6378346346612317E12	8.073271084619096	
1.637834634680763E12	8.229342289289907	
1.637834634700294E12	8.234631208733465	
1.6378346347198252E12	8.125895833082497	
1.6378346347393562E12	8.161547958240662	
1.6378346347588875E12	8.217466261084827	
1.6378346347784185E12	8.240160533606275	
1.6378346347979497E12	8.2653069415061	
1.637834634817481E12	8.02035784964059	
1.637834634837012E12	8.230063505577665	
1.6378346348565432E12	8.108129871860728	
1.6378346348760742E12	8.222298410212804	
1.6378346348956055E12	8.015020849111181	
1.6378346349151367E12	8.114476575192997	
1.6378346349346677E12	8.356757166793804	
1.637834634954199E12	8.12024630549506	
1.63783463497373E12	8.338294029827201	
1.6378346349932612E12	8.139070050605541	
1.6378346350127925E12	8.154191552105532	
1.6378346350323235E12	8.219293342347147	
1.6378346350518547E12	8.211648449696913	
1.6378346350713857E12	8.160273809465624	
1.637834635090917E12	8.17003426989328	
1.637834635110448E12	8.136329428712061	
1.6378346351299792E12	8.157989957887724	
1.6378346351495105E12	8.170298715865458	
1.6378346351690415E12	8.133300320303478	
1.6378346351885728E12	8.263167333185752	
1.6378346352081038E12	8.125198657337664	
1.637834635227635E12	8.114236169763744	
1.6378346352471663E12	8.198089583487064	
1.6378346352666973E12	8.078560004062654	
1.6378346352862285E12	8.129165346920333	
1.6378346353057595E12	8.027401728717692	
1.6378346353252908E12	8.12481400865086	
1.637834635344822E12	8.084762464137372	
1.637834635364353E12	8.071347841185075	
1.6378346353838843E12	8.060096867096052	
1.6378346354034153E12	8.053654001592081	
1.6378346354229465E12	7.9769646696604894	
1.6378346354424775E12	8.125439062766917	
1.6378346354620088E12	8.072429665616712	
1.63783463548154E12	8.151018200439397	
1.637834635501071E12	7.974945264054767	
1.6378346355206023E12	8.104884398565817	
1.6378346355401333E12	8.067477313774107	
1.6378346355596646E12	8.133684968990282	
1.6378346355791958E12	8.075843422712099	
1.6378346355987268E12	8.07918505817871	
1.637834635618258E12	8.141882794127797	
1.637834635637789E12	8.082887301789201	
1.6378346356573203E12	8.003529469592905	
1.6378346356768516E12	8.080843855640554	
1.6378346356963826E12	8.031969431873492	
1.6378346357159138E12	8.034036918565064	
1.6378346357354448E12	8.05132206892833	
1.637834635754976E12	7.999586820553162	
1.637834635774507E12	8.00482765891087	
1.6378346357940383E12	8.018506727835344	
1.6378346358135696E12	8.030334674954574	
1.6378346358331006E12	8.040191297553932	
1.6378346358526318E12	7.957011019032521	
1.6378346358721628E12	8.018795214350448	
1.637834635891694E12	7.845006129543718	
1.6378346359112253E12	8.016391160057921	
1.6378346359307563E12	7.840558629102544	
1.6378346359502876E12	7.986172197600865	
1.6378346359698186E12	7.964391465710577	
1.6378346359893499E12	7.665663679321251	
1.637834636008881E12	8.089041680778069	
1.637834636028412E12	8.029637499209741	
1.6378346360479434E12	7.921719502018234	
1.6378346360674744E12	7.927513272863222	
1.6378346360870056E12	8.02999810735362	
1.6378346361065366E12	7.952611599677197	
1.6378346361260679E12	8.063702948534841	
1.637834636145599E12	7.975906885771778	
1.6378346361651301E12	8.01396306522247	
1.6378346361846614E12	7.972060398903736	
1.6378346362041924E12	8.03547935114058	
1.6378346362237236E12	8.010525267584157	
1.637834636243255E12	7.962251857390228	
1.637834636262786E12	7.883951809082644	
1.6378346362823171E12	7.91224752810568	
1.6378346363018481E12	8.083848923506212	
1.6378346363213794E12	7.921238691159728	
1.6378346363409106E12	8.04603314948477	
1.6378346363604417E12	7.962924992592136	
1.637834636379973E12	8.034734094309897	
1.637834636399504E12	7.9391488956390495	
1.6378346364190352E12	7.938523841522993	
1.6378346364385662E12	7.9911245494434695	
1.6378346364580974E12	7.996365387801177	
1.6378346364776287E12	7.851665359934016	
1.6378346364971597E12	7.891572661189953	
1.637834636516691E12	8.164384742305844	
1.637834636536222E12	7.871186280789329	
1.6378346365557532E12	7.950592194071475	
1.6378346365752844E12	7.855343563001581	
1.6378346365948154E12	7.887966579751163	
1.6378346366143467E12	8.154263673734308	
1.6378346366338777E12	7.888567593324295	
1.637834636653409E12	8.095244140852786	
1.6378346366729402E12	7.939172936181975	
1.6378346366924712E12	7.889697498841782	
1.6378346367120024E12	7.972877777363195	
1.6378346367315334E12	7.7499257822743	
1.6378346367510647E12	7.725668874462709	
1.6378346367705957E12	8.01492468693948	
1.637834636790127E12	8.000139753040443	
1.6378346368096582E12	7.958693857037289	
1.6378346368291892E12	8.031152053414033	
1.6378346368487205E12	7.8496459543282935	
1.6378346368682515E12	7.916214217688348	
1.6378346368877827E12	7.968863006694676	
1.637834636907314E12	7.871715172733685	
1.637834636926845E12	7.9057325409729335	
1.6378346369463762E12	7.828009465695556	
1.6378346369659072E12	7.879167741040517	
1.6378346369854385E12	7.890394674586615	
1.6378346370049697E12	8.039614324523725	
1.6378346370245007E12	7.776178055148688	
1.637834637044032E12	7.8545742656279725	
1.637834637063563E12	7.818970221555657	
1.6378346370830942E12	7.973478790936326	
1.6378346371026252E12	7.8510162652750335	
1.6378346371221565E12	7.89315933702302	
1.6378346371416877E12	7.969464020267807	
1.6378346371612188E12	7.690954330478628	
1.63783463718075E12	8.03781128380433	
1.637834637200281E12	7.856593671233695	
1.6378346372198123E12	7.767523459695592	
1.6378346372393435E12	7.8952268237145935	
1.6378346372588745E12	7.866137766775024	
1.6378346372784058E12	7.911646514532548	
1.6378346372979368E12	7.815796869889522	
1.637834637317468E12	7.923065772422048	
1.6378346373369993E12	7.822888830052475	
1.6378346373565303E12	7.8533001168529335	
1.6378346373760615E12	7.914964109456235	
1.6378346373955925E12	7.781106366448367	
1.6378346374151238E12	7.9834556162503105	
1.6378346374346548E12	7.871402645675657	
1.637834637454186E12	7.850703738217005	
1.6378346374737173E12	7.906045068030962	
1.6378346374932483E12	7.730020212732182	
1.6378346375127795E12	7.782596880109733	
1.6378346375323105E12	7.704585318317252	
1.6378346375518418E12	7.830076952387128	
1.637834637571373E12	7.79007348895949	
1.637834637590904E12	7.928955705438738	
1.6378346376104353E12	7.8460879539753545	
1.6378346376299663E12	7.775264514517528	
1.6378346376494976E12	7.91727200157706	
1.6378346376690288E12	7.676842531781499	
1.6378346376885598E12	7.768124473268724	
1.637834637708091E12	7.7909389485048	
1.637834637727622E12	7.782620920652659	
1.6378346377471533E12	7.879840876242424	
1.6378346377666843E12	7.878398443666908	
1.6378346377862156E12	7.63912291993176	
1.6378346378057468E12	7.721221374021535	
1.6378346378252778E12	7.849381508356116	
1.637834637844809E12	7.600201280935758	
1.63783463786434E12	7.516347867212438	
1.6378346378838713E12	7.791203394476978	
1.6378346379034026E12	7.832961817538161	
1.6378346379229336E12	7.767018608294162	
1.6378346379424648E12	7.797141408579518	
1.6378346379619958E12	7.795915340890329	
1.637834637981527E12	7.8149314103442125	
1.6378346380010583E12	7.727519996267954	
1.6378346380205894E12	7.849934440843397	
1.6378346380401206E12	7.65323471862889	
1.6378346380596516E12	7.770817014076354	
1.6378346380791829E12	7.725091901432503	
1.6378346380987139E12	7.828249871124808	
1.637834638118245E12	7.789015705070779	
1.6378346381377764E12	7.7304529425048365	
1.6378346381573074E12	7.805820044575538	
1.6378346381768386E12	7.7858904344904944	
1.6378346381963696E12	7.80281497670988	
1.637834638215901E12	7.712494656939665	
1.6378346382354321E12	7.767042648837087	
1.6378346382549631E12	7.742737659939646	
1.6378346382744944E12	7.79875212495551	
1.6378346382940254E12	7.662105678968312	
1.6378346383135566E12	7.733626294170971	
1.637834638333088E12	7.727207469209926	
1.637834638352619E12	7.724538968945222	
1.6378346383721501E12	7.675231815405506	
1.6378346383916812E12	7.7922852189086145	
1.6378346384112124E12	7.711869602823608	
1.6378346384307434E12	7.745309998032649	
1.6378346384502747E12	7.70388814257242	
1.637834638469806E12	7.672202706996923	
1.637834638489337E12	7.7439637276288344	
1.6378346385088682E12	7.716797914123287	
1.6378346385283992E12	7.710499291876868	
1.6378346385479304E12	7.7029505613983345	
1.6378346385674617E12	7.656215745951623	
1.6378346385869927E12	7.648330447872136	
1.637834638606524E12	7.67835708598579	
1.637834638626055E12	7.703311169542213	
1.6378346386455862E12	7.680544775391989	
1.6378346386651174E12	7.718552873756831	
1.6378346386846484E12	7.736919848551732	
1.6378346387041797E12	7.720836725334731	
1.6378346387237107E12	7.770408324846625	
1.637834638743242E12	7.827552695379976	
1.637834638762773E12	7.752474079824378	
1.6378346387823042E12	7.72896242884347	
1.6378346388018354E12	7.791083191762351	
1.6378346388213665E12	7.769566905844241	
1.6378346388408977E12	7.758628458813245	
1.6378346388604287E12	7.797934746496051	
1.63783463887996E12	7.736463078236152	
1.6378346388994912E12	7.730020212732182	
1.6378346389190222E12	7.8022380036796735	
1.6378346389385535E12	7.823537924711457	
1.6378346389580845E12	7.7720190412226176	
1.6378346389776157E12	7.754349242172548	
1.637834638997147E12	7.863276942166918	
1.637834639016678E12	7.807550963666157	
1.6378346390362092E12	7.786010637205121	
1.6378346390557402E12	7.799545462872044	
1.6378346390752715E12	7.885057674057206	
1.6378346390948025E12	7.9382353550078895	
1.6378346391143337E12	7.943572355537298	
1.637834639133865E12	7.969584222982434	
1.637834639153396E12	8.074497152308284	
1.6378346391729272E12	8.001582185615959	
1.6378346391924583E12	7.996798117573832	
1.6378346392119895E12	8.076684841714483	
1.6378346392315208E12	8.110413723438628	
1.6378346392510518E12	8.042138581530878	
1.637834639270583E12	8.139310456034794	
1.637834639290114E12	8.132651225644496	
1.6378346393096453E12	8.094546965107954	
1.6378346393291765E12	8.054230974622287	
1.6378346393487075E12	8.095773032797142	
1.6378346393682388E12	8.126520887198554	
1.6378346393877698E12	8.135103361022873	
1.637834639407301E12	8.142291483357527	
1.637834639426832E12	8.086277018341663	
1.6378346394463633E12	8.145705240452914	
1.6378346394658945E12	8.063246178219261	
1.6378346394854255E12	8.14719575411428	
1.6378346395049568E12	8.161115228468008	
1.6378346395244878E12	8.127698873801892	
1.637834639544019E12	8.132266576957692	
1.6378346395635503E12	8.164144336876591	
1.6378346395830813E12	8.128612414433052	
1.6378346396026125E12	8.181958379184213	
1.6378346396221436E12	8.10471611476534	
1.6378346396416748E12	8.13943065874942	
1.637834639661206E12	8.137723780201727	
1.637834639680737E12	8.117433561972804	
1.6378346397002683E12	8.162100890727944	
1.6378346397197993E12	8.144887861993455	
1.6378346397393306E12	8.11841922423274	
1.6378346397588616E12	8.079473544693814	
1.6378346397783928E12	8.131328995783607	
1.637834639797924E12	8.091998667557876	
1.637834639817455E12	8.053125109647725	
1.6378346398369863E12	8.16815910754511	
1.6378346398565173E12	8.153614579075326	
1.6378346398760486E12	8.07279027376059	
1.6378346398955798E12	8.06406355667872	
1.6378346399151108E12	8.145440794480736	
1.637834639934642E12	8.091614018871072	
1.637834639954173E12	8.104042979563433	
1.6378346399737043E12	8.130727982210475	
1.6378346399932356E12	8.090003302495079	
1.6378346400127666E12	8.135488009709677	
1.6378346400322979E12	8.094354640764552	
1.6378346400518289E12	8.144767659278829	
1.63783464007136E12	8.089714815979976	
1.637834640090891E12	8.099835884551512	
1.6378346401104224E12	8.077069490401287	
1.6378346401299536E12	8.158302484945752	
1.6378346401494846E12	8.09964356020811	
1.6378346401690159E12	8.128323927917949	
1.6378346401885469E12	8.07324704407617	
1.6378346402080781E12	8.116255575369467	
1.6378346402276094E12	8.081973761158041	
1.6378346402471404E12	8.122674400330512	
1.6378346402666716E12	8.109067453034813	
1.6378346402862026E12	8.089017640235143	
1.637834640305734E12	8.109163615206514	
1.6378346403252651E12	8.092960289274886	
1.6378346403447961E12	8.085676004768532	
1.6378346403643274E12	8.07863212569143	
1.6378346403838584E12	8.063462543105588	
1.6378346404033896E12	8.068727422006221	
1.6378346404229207E12	8.06182778618667	
1.637834640442452E12	8.076588679542782	
1.6378346404619832E12	8.067934084089687	
1.6378346404815142E12	8.061346975328165	
1.6378346405010454E12	8.075002003709715	
1.6378346405205764E12	8.060120907638977	
1.6378346405401077E12	8.037282391859975	
1.637834640559639E12	8.068871665263773	
1.63783464057917E12	8.048437203777297	
1.6378346405987012E12	8.047235176631034	
1.6378346406182322E12	8.038869067693042	
1.6378346406377634E12	8.025911215056325	
1.6378346406572947E12	8.051634595986359	
1.6378346406768257E12	8.038292094662836	
1.637834640696357E12	8.038748864978416	
1.637834640715888E12	8.03766704054678	
1.6378346407354192E12	8.01396306522247	
1.6378346407549502E12	8.012664875904505	
1.6378346407744814E12	8.021199268642974	
1.6378346407940127E12	8.023867768907678	
1.6378346408135437E12	8.007880807862378	
1.637834640833075E12	7.996100941828999	
1.6378346408721372E12	7.978743669836959	
1.6378346408916685E12	7.973550912565102	
1.6378346409111995E12	7.963598127794043	
1.6378346409307307E12	7.955328181027752	
1.6378346409502617E12	7.94741884240534	
1.637834640969793E12	7.939557584868779	
1.6378346409893242E12	7.938884449666872	
1.6378346410088552E12	7.956361924373539	
1.6378346410283865E12	7.938379598265441	
1.6378346410479175E12	7.946433180145404	
1.6378346410674487E12	7.928859543267037	
1.6378346410869797E12	7.947346720776564	
1.637834641106511E12	7.9504719913568485	
1.6378346411260422E12	7.9689351283234515	
1.6378346411455732E12	7.963333681821865	
1.6378346411651045E12	7.989513833067477	
1.6378346411846355E12	8.014251551737573	
1.6378346412041667E12	8.028555674778104	
1.637834641223698E12	8.040575946240736	
1.637834641243229E12	8.059423731894144	
1.6378346412627603E12	8.036056324170787	
1.6378346412822913E12	8.094522924565029	
1.6378346413018225E12	8.11375535890524	
1.6378346413213538E12	8.11832306206104	
1.6378346413408848E12	8.133468604103955	
1.637834641360416E12	8.140320158837655	
1.637834641379947E12	8.15181153835593	
1.6378346413994783E12	8.162870188101552	
1.6378346414190093E12	8.189603271834446	
1.6378346414385405E12	8.201984151440957	
1.6378346414580718E12	8.224846707762882	
1.6378346414776028E12	8.254152129588778	
1.637834641497134E12	8.223572558987843	
1.637834641516665E12	8.264032792731062	
1.6378346415361963E12	8.288409903257278	
1.6378346415557275E12	8.30891648637253	
1.6378346415752585E12	8.322739798554556	
1.6378346415947898E12	8.343054057326404	
1.6378346416143208E12	8.347910246997307	
1.637834641633852E12	8.375364547017957	
1.6378346416533833E12	8.375821317333537	
1.6378346416729143E12	8.399669535915399	
1.6378346416924456E12	8.409285753085504	
1.6378346417119766E12	8.425320795216656	
1.6378346417315078E12	8.435177417816014	
1.6378346417510388E12	8.448351635339058	
1.63783464177057E12	8.451573068091044	
1.6378346417901013E12	8.470541056459076	
1.6378346418096323E12	8.482441125207082	
1.6378346418291636E12	8.503380438094986	
1.6378346418486946E12	8.511337857803248	
1.6378346418682258E12	8.52619491333106	
1.637834641887757E12	8.541412577002752	
1.637834641907288E12	8.563722200837399	
1.6378346419268193E12	8.566751309245982	
1.6378346419463503E12	8.578579256365211	
1.6378346419658816E12	8.602018785717343	
1.6378346419854128E12	8.598460785364404	
1.6378346420049438E12	8.61355824632147	
1.637834642024475E12	8.612115813745953	
1.637834642044006E12	8.600648474770603	
1.6378346420635374E12	8.60766831330478	
1.6378346420830684E12	8.611755205602075	
1.6378346421025996E12	8.62187627417361	
1.6378346421221309E12	8.635459180926384	
1.6378346421416619E12	8.637887275761836	
1.637834642161193E12	8.639353748880277	
1.637834642180724E12	8.647647736189493	
1.6378346422002554E12	8.659115075164843	
1.6378346422197866E12	8.645315803525742	
1.6378346422393176E12	8.667793711160863	
1.6378346422588489E12	8.680222671853226	
1.63783464227838E12	8.673948090149732	
1.6378346422979111E12	8.676640630957362	
1.6378346423174424E12	8.673058590061496	
1.6378346423369734E12	8.679982266423973	
1.6378346423565046E12	8.685703915640186	
1.6378346423760356E12	8.697123173529686	
1.637834642395567E12	8.709504053136197	
1.637834642415098E12	8.706979796129044	
1.6378346424346292E12	8.717076824157655	
1.6378346424541604E12	8.724024541063056	
1.6378346424736914E12	8.720730986682295	
1.6378346424932227E12	8.73679006935637	
1.6378346425127537E12	8.73724683967195	
1.637834642532285E12	8.739674934507402	
1.6378346425518162E12	8.741598177941423	
1.6378346425713472E12	8.751983692485137	
1.6378346425908784E12	8.745636989152867	
1.6378346426104094E12	8.753882895376233	
1.6378346426299407E12	8.750421057194995	
1.637834642649472E12	8.751262476197379	
1.637834642669003E12	8.758691003961285	
1.6378346426885342E12	8.750973989682276	
1.6378346427080652E12	8.76592720738179	
1.6378346427275964E12	8.776192519210877	
1.6378346427471274E12	8.775543424551895	
1.6378346427666587E12	8.77789939775857	
1.63783464278619E12	8.789895628678277	
1.637834642805721E12	8.783404682088456	
1.6378346428252522E12	8.785255803893701	
1.6378346428447832E12	8.784799033578121	
1.6378346428643145E12	8.80054558919417	
1.6378346428838457E12	8.8009542784239	
1.6378346429033767E12	8.807108657412767	
1.637834642922908E12	8.798189615987495	
1.637834642942439E12	8.78840511501691	
1.6378346429619702E12	8.798670426846	
1.6378346429815015E12	8.795953845495443	
1.6378346430010325E12	8.797179913184632	
1.6378346430205637E12	8.797468399699735	
1.6378346430400947E12	8.807589468271273	
1.637834643059626E12	8.800112859421516	
1.637834643079157E12	8.812133130884147	
1.6378346430986882E12	8.798069413272868	
1.6378346431182195E12	8.800281143221993	
1.6378346431377505E12	8.802084183941387	
1.6378346431572817E12	8.80821452238733	
1.6378346431768127E12	8.798934872818178	
1.637834643196344E12	8.802420751542341	
1.6378346432158752E12	8.798069413272868	
1.6378346432354062E12	8.80191590014091	
1.6378346432549375E12	8.812637982285578	
1.6378346432744685E12	8.811652320025642	
1.6378346432939998E12	8.807228860127394	
1.637834643313531E12	8.813094752601158	
1.637834643333062E12	8.80227650828479	
1.6378346433525933E12	8.807108657412767	
1.6378346433721243E12	8.802901562400846	
1.6378346433916555E12	8.794727777806255	
1.6378346434111865E12	8.807421184470796	
1.6378346434307178E12	8.788020466330106	
1.637834643450249E12	8.793357466859515	
1.63783464346978E12	8.793573831745842	
1.6378346434893113E12	8.781745884626613	
1.6378346435088423E12	8.772538356686237	
1.6378346435283735E12	8.77008622130786	
1.6378346435479048E12	8.757320693014545	
1.6378346435674358E12	8.75409926026256	
1.637834643586967E12	8.754700273835692	
1.637834643606498E12	8.751959651942212	
1.6378346436260293E12	8.758234233645705	
1.6378346436455605E12	8.75506088197957	
1.6378346436650916E12	8.74856993538975	
1.6378346436846228E12	8.744939813408035	
1.6378346437041538E12	8.752055814113913	
1.637834643723685E12	8.752344300629016	
1.637834643743216E12	8.71344670217594	
1.6378346437627473E12	8.7440503133198	
1.6378346437822786E12	8.736477542298342	
1.6378346438018096E12	8.73623713686909	
1.6378346438213408E12	8.73445813669262	
1.6378346438408718E12	8.727798906302322	
1.637834643860403E12	8.720779067768145	
1.6378346438799343E12	8.728159514446201	
1.6378346438994653E12	8.724144743777682	
1.6378346439189966E12	8.713062053489136	
1.6378346439385276E12	8.711259012769741	
1.6378346439580588E12	8.707340404272923	
1.63783464397759E12	8.703758363377059	
1.637834643997121E12	8.700176322481195	
1.6378346440166523E12	8.693372848833345	
1.6378346440361833E12	8.693613254262598	
1.6378346440557146E12	8.686256848127467	
1.6378346440752456E12	8.693204565032868	
1.6378346440947769E12	8.689141713278499	
1.637834644114308E12	8.679789942080571	
1.637834644133839E12	8.686473213013794	
1.6378346441533704E12	8.668803413963724	
1.6378346441729014E12	8.675606887611576	
1.6378346441924326E12	8.667312900302358	
1.6378346442119639E12	8.662312467373903	
1.6378346442314949E12	8.65649465598599	
1.6378346442510261E12	8.644738830495536	
1.6378346442705571E12	8.64517156026819	
1.6378346442900884E12	8.645027317010639	
1.6378346443096196E12	8.640195167882661	
1.6378346443291506E12	8.637117978388227	
1.637834644348682E12	8.622405166117966	
1.637834644368213E12	8.62360719326423	
1.6378346443877441E12	8.625169828554371	
1.6378346444072751E12	8.620578084855646	
1.6378346444268064E12	8.612716827319085	
1.6378346444463376E12	8.600071501740397	
1.6378346444658687E12	8.60451900218157	
1.6378346444854E12	8.590623568370768	
1.637834644504931E12	8.596970271703038	
1.6378346445244622E12	8.58949366285328	
1.6378346445439934E12	8.579925526769026	
1.6378346445635244E12	8.576079039900984	
1.6378346445830557E12	8.570645877199874	
1.6378346446025867E12	8.559010254424047	
1.637834644622118E12	8.535666887243615	
1.6378346446416492E12	8.554105983667293	
1.6378346446611802E12	8.553601132265863	
1.6378346446807114E12	8.555764781129136	
1.6378346447002424E12	8.549369996711016	
1.6378346447197737E12	8.542061671661735	
1.6378346447393047E12	8.54158086080323	
1.637834644758836E12	8.525040967270648	
1.6378346447783672E12	8.518261534165724	
1.6378346447978982E12	8.516771020504358	
1.6378346448174294E12	8.513982317525027	
1.6378346448369604E12	8.496937572591015	
1.6378346448564917E12	8.500711937830282	
1.637834644876023E12	8.498716572767485	
1.637834644895554E12	8.481455462947146	
1.6378346449150852E12	8.484965382214234	
1.6378346449346162E12	8.486888625648255	
1.6378346449541475E12	8.484292247012327	
1.6378346449736787E12	8.474892394728549	
1.6378346449932097E12	8.475301083958279	
1.637834645012741E12	8.462343231321562	
1.637834645032272E12	8.462800001637142	
1.6378346450518032E12	8.452510649265129	
1.6378346450713342E12	8.450178716601378	
1.6378346450908655E12	8.438014201881195	
1.6378346451103967E12	8.440971188661003	
1.6378346451299277E12	8.43255699863716	
1.637834645149459E12	8.417267213336691	
1.63783464516899E12	8.425056349244478	
1.6378346451885212E12	8.428277781996464	
1.6378346452080525E12	8.409213631456728	
1.6378346452275835E12	8.405559468932088	
1.6378346452471147E12	8.396063454476609	
1.6378346452666458E12	8.39337091366898	
1.637834645286177E12	8.388274318568824	
1.6378346453057083E12	8.394308494843065	
1.6378346453252393E12	8.391688075664211	
1.6378346453447705E12	8.380028412345458	
1.6378346453643015E12	8.374475046929723	
1.6378346453838328E12	8.368849559885211	
1.6378346454033638E12	8.360964261805725	
1.637834645422895E12	8.36194992406566	
1.6378346454424263E12	8.363825086413831	
1.6378346454619573E12	8.353199166440865	
1.6378346454814885E12	8.328269123427367	
1.6378346455010195E12	8.330625096634042	
1.6378346455205508E12	8.345554273790631	
1.637834645540082E12	8.332981069840718	
1.637834645559613E12	8.331995407580782	
1.6378346455791443E12	8.32531213664756	
1.6378346455986753E12	8.324182231130072	
1.6378346456182065E12	8.314229446359013	
1.6378346456377378E12	8.313171662470301	
1.6378346456572688E12	8.30845971605695	
1.6378346456768E12	8.304060296701627	
1.637834645696331E12	8.300766742320866	
1.6378346457158623E12	8.297040458167448	
1.6378346457353933E12	8.293338214556957	
1.6378346457549246E12	8.279635105089557	
1.6378346457744558E12	8.272206577325651	
1.6378346457939868E12	8.2766300372239	
1.637834645813518E12	8.26662917136699	
1.637834645833049E12	8.266076238879709	
1.6378346458525803E12	8.262422076355069	
1.6378346458721116E12	8.25795053537097	
1.6378346458916426E12	8.255233954020415	
1.6378346459111738E12	8.248214115486238	
1.6378346459307048E12	8.24561773685031	
1.637834645950236E12	8.250786453579241	
1.6378346459697673E12	8.245064804363029	
1.6378346459892983E12	8.23506393850612	
1.6378346460088296E12	8.232227154440938	
1.6378346460283606E12	8.226914194454455	
1.6378346460478918E12	8.225808329479893	
1.6378346460674229E12	8.22652954576765	
1.637834646086954E12	8.223091748129338	
1.6378346461064854E12	8.215398774393254	
1.6378346461260164E12	8.21222542272712	
1.6378346461455476E12	8.220880018180214	
1.6378346461650786E12	8.212201382184194	
1.6378346461846099E12	8.197176042855904	
1.637834646204141E12	8.20597488156655	
1.637834646223672E12	8.192608339700104	
1.6378346462432034E12	8.197272205027605	
1.6378346462627344E12	8.20003686746401	
1.6378346462822656E12	8.18948306911982	
1.6378346463017969E12	8.174337527076904	
1.637834646321328E12	8.189555190748596	
1.6378346463408591E12	8.186478001254162	
1.6378346463603901E12	8.183256568502177	
1.6378346463799214E12	8.186117393110283	
1.6378346463994524E12	8.176116527253374	
1.6378346464189836E12	8.170659324009337	
1.637834646438515E12	8.161836444755766	
1.637834646458046E12	8.15774955245847	
1.6378346464775771E12	8.163350998960057	
1.6378346464971082E12	8.164673228820947	
1.6378346465166394E12	8.149407484063405	
1.6378346465361707E12	8.154215592648457	
1.6378346465557017E12	8.145657159367063	
1.637834646575233E12	8.140103793951328	
1.637834646594764E12	8.139647023635748	
1.6378346466142952E12	8.148662227232721	
1.6378346466338264E12	8.139671064178673	
1.6378346466533574E12	8.141329861640516	
1.6378346466728887E12	8.133228198674702	
1.6378346466924197E12	8.132915671616674	
1.637834646711951E12	8.132555063472795	
1.637834646731482E12	8.130727982210475	
1.6378346467510132E12	8.12933363072081	
1.6378346467705444E12	8.129958684836867	
1.6378346467900754E12	8.116784467313822	
1.6378346468096067E12	8.113322629132584	
1.6378346468291377E12	8.115462237452933	
1.637834646848669E12	8.109067453034813	
1.6378346468682002E12	8.114596777907623	
1.6378346468877312E12	8.100124371066615	
1.6378346469072625E12	8.102528425359141	
1.6378346469267935E12	8.105701777025276	
1.6378346469463247E12	8.096301924741498	
1.637834646965856E12	8.096662532885377	
1.637834646985387E12	8.101879330700159	
1.6378346470049182E12	8.100412857581718	
1.6378346470244492E12	8.093537262305093	
1.6378346470439805E12	8.101807209071383	
1.6378346470635115E12	8.091686140499847	
1.6378346470830427E12	8.093080491989513	
1.637834647102574E12	8.096374046370274	
1.637834647122105E12	8.072357543987936	
1.6378346471416362E12	8.077742625603195	
1.6378346471611672E12	8.089017640235143	
1.6378346471806985E12	8.076035747055501	
1.6378346472002297E12	8.084906707394923	
1.6378346472197607E12	8.077838787774896	
1.637834647239292E12	8.075242409138967	
1.637834647258823E12	8.065986800112741	
1.6378346472783542E12	8.076516557914006	
1.6378346472978855E12	8.070674705983167	
1.6378346473174165E12	8.067405192145332	
1.6378346473369478E12	8.066107002827367	
1.6378346473564788E12	8.07279027376059	
1.63783464737601E12	8.065097300024506	
1.637834647395541E12	8.04817275780512	
1.6378346474150723E12	8.05031236612547	
1.6378346474346035E12	8.04497536559606	
1.6378346474541345E12	8.047163055002258	
1.6378346474736658E12	8.047090933373482	
1.6378346474931968E12	8.047163055002258	
1.637834647512728E12	8.047836190204166	
1.6378346475322593E12	8.04233090587428	
1.6378346475517903E12	8.042354946417205	
1.6378346475713215E12	8.045456176454564	
1.6378346475908525E12	8.051514393271733	
1.6378346476103838E12	8.030791445270154	
1.637834647629915E12	8.039782608324202	
1.637834647649446E12	8.028195066634225	
1.6378346476689773E12	8.031128012871108	
1.6378346476885083E12	8.03401287802214	
1.6378346477080396E12	8.038796946064267	
1.6378346477275706E12	8.032257918388595	
1.6378346477471018E12	8.02908456672246	
1.637834647766633E12	8.031897310244716	
1.637834647786164E12	8.023795647278902	
1.6378346478056953E12	8.027690215232795	
1.6378346478252263E12	8.024781309538838	
1.6378346478447576E12	8.027329607088916	
1.6378346478642888E12	8.017545106118334	
1.6378346478838198E12	8.02045401181229	
1.637834647903351E12	8.027497890889393	
1.637834647922882E12	8.016078632999893	
1.6378346479424133E12	8.015766105941864	
1.6378346479619446E12	8.015862268113565	
1.6378346479814756E12	8.01172729473042	
1.6378346480010068E12	7.999538739467312	
1.6378346480205378E12	7.9911245494434695	
1.637834648040069E12	7.989609995239178	
1.6378346480596E12	7.998601158293226	
1.6378346480791313E12	8.0030486587344	
1.6378346480986626E12	7.989008981666046	
1.6378346481181936E12	7.996750036487981	
1.6378346481377249E12	8.001558145073034	
1.6378346481572559E12	7.984297035252695	
1.637834648176787E12	7.9923986982185085	
1.6378346481963184E12	7.999899347611191	
1.6378346482158494E12	7.987879076148559	
1.6378346482353806E12	7.992831427991163	
1.6378346482549116E12	7.984513400139022	
1.6378346482744429E12	7.979537007753493	
1.637834648293974E12	7.985811589456986	
1.6378346483135051E12	7.984801886654125	
1.6378346483330364E12	7.9847778461112	
1.6378346483525674E12	7.987326143661278	
1.6378346483720986E12	7.982013183674795	
1.6378346483916296E12	7.975666480342525	
1.637834648411161E12	7.9802101429554	
1.6378346484306921E12	7.977084872375116	
1.6378346484502231E12	7.974031723423607	
1.6378346484697544E12	7.981820859331393	
1.6378346484892854E12	7.974945264054767	
1.6378346485088167E12	7.973478790936326	
1.637834648528348E12	7.976171331743956	
1.637834648547879E12	7.966531074030925	
1.6378346485674102E12	7.974392331567486	
1.6378346485869412E12	7.973118182792447	
1.6378346486064724E12	7.9666512767455515	
1.6378346486260037E12	7.956434046002315	
1.6378346486455347E12	7.958164965092934	
1.637834648665066E12	7.969656344611209	
1.637834648684597E12	7.95741970826225	
1.6378346487041282E12	7.949221883124735	
1.6378346487236592E12	8.00629413202931	
1.6378346487431904E12	7.927705597206624	
1.6378346487627217E12	7.960496897756684	
1.6378346487822527E12	7.911646514532548	
1.637834648801784E12	8.094546965107954	
1.637834648821315E12	7.860127631043708	
1.6378346488408462E12	7.87443175408424	
1.6378346488603774E12	7.928571056751934	
1.6378346488799084E12	7.985547143484808	
1.6378346488994397E12	7.819018302641507	
1.6378346489189707E12	7.995716293142195	
1.637834648938502E12	7.902679392021425	
1.6378346489580332E12	8.000283996297995	
1.6378346489775642E12	7.862291279906982	
1.6378346489970955E12	7.92960480009772	
1.6378346490166265E12	7.964078938652548	
1.6378346490361577E12	7.902414946049247	
1.6378346490556887E12	7.91544492031474	
1.63783464907522E12	7.850631616588229	
1.6378346490947512E12	7.977782048119948	
1.6378346491142822E12	7.855199319744029	
1.6378346491338135E12	7.896188445431604	
1.6378346491533445E12	7.9504719913568485	
1.6378346491728757E12	7.83789012883784	
1.637834649192407E12	7.926503570060361	
1.637834649211938E12	7.829620182071548	
1.6378346492314692E12	7.860392077015886	
1.6378346492510002E12	7.95152977524556	
1.6378346492705315E12	7.847890994694749	
1.6378346492900627E12	7.893423782995199	
1.6378346493095938E12	7.898640580809981	
1.637834649329125E12	7.962756708791659	
1.637834649348656E12	8.088344505033236	
1.6378346493681873E12	7.925445786171649	
1.6378346493877183E12	7.889889823185184	
1.6378346494072495E12	8.052091366301939	
1.6378346494267808E12	7.979152359066688	
1.6378346494463118E12	8.036368851228815	
1.637834649465843E12	8.096205762569797	
1.637834649485374E12	8.014251551737573	
1.6378346495049053E12	8.05259621770337	
1.6378346495244365E12	8.034902378110374	
1.6378346495439675E12	7.929436516297243	
1.6378346495634988E12	8.057139880316244	
1.6378346495830298E12	7.935638976371961	
1.637834649602561E12	7.917464325920462	
1.6378346496220923E12	8.081132342155657	
1.6378346496416233E12	7.763196161969045	
1.6378346496611545E12	7.962804789877509	
1.6378346496806855E12	7.867219591206661	
1.6378346497002168E12	7.956890816317895	
1.6378346497197478E12	7.967059965975281	
1.637834649739279E12	7.862772090765487	
1.6378346497588103E12	7.862002793391879	
1.6378346497783413E12	7.778293622926111	
1.6378346497978726E12	7.861834509591402	
1.6378346498174036E12	7.860704604073915	
1.6378346498369348E12	7.819402951328311	
1.637834649856466E12	7.8251967221733	
1.637834649875997E12	7.845006129543718	
1.6378346498955283E12	7.802742855081104	
1.6378346499150593E12	7.8159411131470735	
1.6378346499345906E12	7.809930977415758	
1.6378346499541218E12	7.822359938108119	
1.6378346499736528E12	7.824956316744047	
1.637834649993184E12	7.747377484724222	
1.637834650012715E12	7.819066383727358	
1.6378346500322463E12	7.805820044575538	
1.6378346500517773E12	7.783101731511164	
1.6378346500713086E12	7.8248841951152714	
1.6378346500908398E12	7.801228300876812	
1.6378346501103708E12	7.727736361154282	
1.637834650129902E12	7.815676667174896	
1.637834650149433E12	7.722134914652695	
1.6378346501689644E12	7.864094320626377	
1.6378346501884956E12	7.817816275495244	
1.6378346502080266E12	7.756152282891943	
1.6378346502275579E12	7.804738220143901	
1.6378346502470889E12	7.844669561942764	
1.63783465026662E12	7.708047156498491	
1.6378346502861514E12	7.743290592426927	
1.6378346503056824E12	7.696988506752869	
1.6378346503252136E12	7.66693782809629	
1.6378346503447446E12	7.696796182409467	
1.637834650364276E12	7.788871461813227	
1.637834650383807E12	7.815003531972988	
1.6378346504033381E12	7.717519130411045	
1.6378346504228694E12	7.640685555221902	
1.6378346504424004E12	7.844453197056437	
1.6378346504619316E12	7.721437738907863	
1.6378346504814626E12	7.813440896682846	
1.637834650500994E12	7.728385455813264	
1.6378346505205251E12	7.7246110905739975	
1.6378346505400562E12	7.80971461252943	
1.6378346505595874E12	7.688910884329981	
1.6378346505791184E12	7.72211087410977	
1.6378346505986497E12	7.562217223113842	
1.637834650618181E12	7.809378044928477	
1.637834650637712E12	7.733818618514373	
1.6378346506572432E12	7.6867953165525575	
1.6378346506767742E12	7.672491193512026	
1.6378346506963054E12	7.830581803788559	
1.6378346507158364E12	7.740021078589091	
1.6378346507353677E12	7.723192698541407	
1.637834650754899E12	7.679462950960352	
1.63783465077443E12	7.71384092734348	
1.6378346507939612E12	7.736991970180508	
1.6378346508134922E12	7.683069032399142	
1.6378346508330234E12	7.545196518722755	
1.6378346508525547E12	7.658523638072448	
1.6378346508720857E12	7.730957793906267	
1.637834650891617E12	7.758412093926918	
1.637834650911148E12	7.571304548339591	
1.6378346509306792E12	7.6398441362195175	
1.6378346509502104E12	7.685304802891191	
1.6378346509697415E12	7.566520480297464	
1.6378346509892727E12	7.655109880977061	
1.6378346510088037E12	7.8438041023974545	
1.637834651028335E12	7.597773186100307	
1.637834651047866E12	7.67972739693253	
1.6378346510673972E12	7.59303719914403	
1.6378346510869285E12	7.512044610028816	
1.6378346511064595E12	7.431773237201361	
1.6378346511259907E12	7.341717363403324	
1.6378346511455217E12	7.578348427416693	
1.637834651165053E12	7.3704938932848645	
1.6378346511845842E12	7.714153454401508	
1.6378346512041152E12	7.844020467283782	
1.6378346512236465E12	7.422806114690238	
1.6378346512431775E12	7.117563341168166	
1.6378346512627087E12	7.314287103925598	
1.63783465128224E12	7.570679494223534	
1.637834651301771E12	7.572506575485854	
1.6378346513213022E12	7.522910935431036	
1.6378346513408333E12	7.687684816640792	
1.6378346513603645E12	7.498798270876996	
1.6378346513798955E12	7.403525599264177	
1.6378346513994268E12	7.595441253436556	
1.637834651418958E12	7.529522084735484	
1.637834651438489E12	7.649243988503296	
1.6378346514580203E12	7.3419096877467265	
1.6378346514775513E12	7.5302433010232415	
1.6378346514970825E12	7.382946894520151	
1.6378346515166138E12	7.477306025501811	
1.6378346515361448E12	7.316090144644993	
1.637834651555676E12	7.503774663262526	
1.637834651575207E12	7.363161527692659	
1.6378346515947383E12	7.547840978444534	
1.6378346516142695E12	7.322941699378693	
1.6378346516338005E12	7.523103259774438	
1.6378346516533318E12	7.601884118940527	
1.6378346516728628E12	7.660615165306946	
1.637834651692394E12	7.669726531075621	
1.637834651711925E12	7.438961359536015	
1.6378346517314563E12	7.434682142895318	
1.6378346517509875E12	7.407059559074191	
1.6378346517705186E12	7.568179277759307	
1.6378346517900498E12	7.347895782935117	
1.6378346518095808E12	7.558803466018454	
1.637834651829112E12	7.540172045251375	
1.6378346518486433E12	7.398693450136199	
1.6378346518681743E12	7.549764221878555	
1.6378346518877056E12	7.4792773500216825	
1.6378346519072366E12	7.575655886609064	
1.6378346519267678E12	7.396770206702178	
1.637834651946299E12	7.59897521324657	
1.63783465196583E12	7.490648526825332	
1.6378346519853613E12	7.548658356903993	
1.6378346520048923E12	7.504447798464433	
1.6378346520244236E12	7.586065441695704	
1.6378346520439546E12	7.552096154542306	
1.6378346520634858E12	7.41888750619342	
1.637834652083017E12	7.598398240216364	
1.637834652102548E12	7.5127898668594995	
1.6378346521220793E12	7.490672567368257	
1.6378346521416104E12	7.488845486105937	
1.6378346521611416E12	7.5325271526011415	
1.6378346521806729E12	7.48045533662502	
1.6378346522002039E12	7.516972921328495	
1.637834652219735E12	7.550966249024818	
1.637834652239266E12	7.581185211481874	
1.6378346522587974E12	7.557288911814163	
1.6378346522783286E12	7.6071489978411595	
1.6378346522978596E12	7.600057037678207	
1.6378346523173909E12	7.594936402035126	
1.6378346523369219E12	7.609168403446882	
1.6378346523564531E12	7.5434896401750615	
1.6378346523759841E12	7.603470794773594	
1.6378346523955154E12	7.53055582808127	
1.6378346524150466E12	7.401818720716483	
1.6378346524345776E12	7.477594512016914	
1.637834652454109E12	7.465454037839656	
1.63783465247364E12	7.554788695349935	
1.6378346524931711E12	7.562794196144048	
1.6378346525127024E12	7.493749756862691	
1.6378346525322334E12	7.529089354962829	
1.6378346525517646E12	7.577266602985056	
1.6378346525712957E12	7.698503060957161	
1.637834652590827E12	7.9061893112885135	
1.6378346526103582E12	7.703647737143167	
1.6378346526298892E12	7.705907548178142	
1.6378346526494204E12	7.813272612882369	
1.6378346526689514E12	7.803055382139132	
1.6378346526884827E12	7.801973557707496	
1.6378346527080137E12	7.770937216790981	
1.637834652727545E12	7.728890307214694	
1.6378346527470762E12	7.7782215012973355	
1.6378346527666072E12	7.838611345125598	
1.6378346527861384E12	7.7185769142997565	
1.6378346528056694E12	7.6961951688363355	
1.6378346528252007E12	7.682492059368935	
1.637834652844732E12	7.762426864595437	
1.637834652864263E12	7.718288427784653	
1.6378346528837942E12	7.655302205320463	
1.6378346529033252E12	7.7489882011002145	
1.6378346529228564E12	7.71429769765906	
1.6378346529423877E12	7.736318834978601	
1.6378346529619187E12	7.71384092734348	
1.63783465298145E12	7.712206170424562	
1.637834653000981E12	7.691964033281489	
1.6378346530205122E12	7.6449647718625995	
1.6378346530400432E12	7.390183097940655	
1.6378346530595745E12	7.421724290258601	
1.6378346530791057E12	7.667827328184525	
1.6378346530986367E12	7.732544469739334	
1.637834653118168E12	7.8473621027503935	
1.637834653137699E12	7.809810774701131	
1.6378346531572302E12	7.69383919562966	
1.6378346531767615E12	7.875898227202681	
1.6378346531962925E12	7.86717151012081	
1.6378346532158237E12	7.906742243775795	
1.6378346532353547E12	7.9477313694633684	
1.637834653254886E12	7.971098777186725	
1.6378346532744172E12	7.976123250658105	
1.6378346532939482E12	8.019636633352832	
1.6378346533134795E12	8.012015781245523	
1.6378346533330105E12	7.980402467298802	
1.6378346533525417E12	7.934725435740801	
1.6378346533720728E12	7.9536693835659085	
1.637834653391604E12	8.084882666851998	
1.6378346534111353E12	7.81610939694755	
1.6378346534306663E12	7.913810163395822	
1.6378346534501975E12	7.894986418285341	
1.6378346534697285E12	7.943187706850494	
1.6378346534892598E12	8.001510063987183	
1.637834653508791E12	7.8913322557607	
1.637834653528322E12	7.814955450887138	
1.6378346535478533E12	7.853107792509531	
1.6378346535673843E12	7.751656701364919	
1.6378346535869155E12	7.806228733805267	
1.6378346536064468E12	7.801348503591439	
1.6378346536259778E12	7.793583408226579	
1.637834653645509E12	7.911045500959417	
1.63783465366504E12	7.746223538663809	
1.6378346536845713E12	7.76687436503661	
1.6378346537041023E12	7.770336203217849	
1.6378346537236335E12	7.888856079839398	
1.6378346537431648E12	7.738145916240921	
1.6378346537626958E12	7.770528527561251	
1.637834653782227E12	7.781226569162993	
1.637834653801758E12	7.827216127779022	
1.6378346538212893E12	7.753988634028669	
1.6378346538408206E12	7.725620793376859	
1.6378346538603516E12	7.760744026590668	
1.6378346538798828E12	7.78911186724248	
1.6378346538994138E12	7.889144566354501	
1.637834653918945E12	7.7563926883211955	
1.6378346539384763E12	7.609553052133686	
1.6378346539580073E12	7.729659604588303	
1.6378346539775386E12	7.66597620637928	
1.6378346539970696E12	7.858108225437986	
1.6378346540166008E12	7.997471252775739	
1.6378346540361318E12	7.1812467393771895	
1.637834654055663E12	7.027363224112578	
1.6378346540751943E12	8.17669350028358	
1.6378346540947253E12	7.033974373417025	
1.6378346541142566E12	7.368955298537648	
1.6378346541337876E12	7.600730172880114	
1.6378346541533188E12	7.645133055663076	
1.63783465417285E12	7.363474054750688	
1.637834654192381E12	7.4846624316369414	
1.6378346542119124E12	7.516419988841214	
1.6378346542314434E12	7.419825087367506	
1.6378346542509746E12	7.445668671012164	
1.6378346542705059E12	7.458842888535209	
1.6378346542900369E12	7.466343537927891	
1.637834654309568E12	7.540340329051852	
1.637834654329099E12	7.469276484164773	
1.6378346543486304E12	7.485527891182251	
1.6378346543681614E12	7.52786328727364	
1.6378346543876926E12	7.530892395682224	
1.6378346544072239E12	7.526276611440573	
1.637834654426755E12	7.494230567721196	
1.6378346544462861E12	7.525964084382545	
1.6378346544658171E12	7.5297865307076615	
1.6378346544853484E12	7.54562924849541	
1.6378346545048796E12	7.507885596102746	
1.6378346545244106E12	7.541590437283966	
1.637834654543942E12	7.52142042176967	
1.637834654563473E12	7.557433155071714	
1.6378346545830042E12	7.564380871977115	
1.6378346546025354E12	7.633377230172622	
1.6378346546220664E12	7.687324208496913	
1.6378346546415977E12	7.7868039751216545	
1.6378346546611287E12	7.649676718275951	
1.63783465468066E12	7.716509427608184	
1.637834654700191E12	7.713239913770348	
1.6378346547197222E12	7.731630929108174	
1.6378346547392534E12	7.699152155616143	
1.6378346547587844E12	7.644027190688514	
1.6378346547783157E12	7.6698948148760975	
1.6378346547978467E12	7.686891478724259	
1.637834654817378E12	7.696675979694841	
1.6378346548369092E12	7.674294234231421	
1.6378346548564402E12	7.639555649704414	
1.6378346548759714E12	7.630372162306964	
1.6378346548955024E12	7.6393873659039375	
1.6378346549150337E12	7.610370430593145	
1.637834654934565E12	7.5936382127171616	
1.637834654954096E12	7.5917149692831405	
1.6378346549736272E12	7.591017793538308	
1.6378346549931582E12	7.615539147322076	
1.6378346550126895E12	7.630107716334786	
1.6378346550322205E12	7.642993447342727	
1.6378346550517517E12	7.645565785435731	
1.637834655071283E12	7.614433282347514	
1.637834655090814E12	7.599552186276776	
1.6378346551103452E12	7.597989550986634	
1.6378346551298762E12	7.547816937901609	
1.6378346551494075E12	7.528752787361875	
1.6378346551689387E12	7.51694888078557	
1.6378346551884697E12	7.516419988841214	
1.637834655208001E12	7.5075009474159415	
1.637834655227532E12	7.752498120367303	
1.6378346552470632E12	7.7286258612425165	
1.6378346552665945E12	7.722543603882425	
1.6378346552861255E12	7.703190966827587	
1.6378346553056567E12	7.758868864242498	
1.6378346553251877E12	7.742377051795767	
1.637834655344719E12	7.759157350757601	
1.63783465536425E12	7.737833389182892	
1.6378346553837812E12	7.775745325376033	
1.6378346554033125E12	7.713071629969871	
1.6378346554228435E12	7.675496261377684	
1.6378346554423748E12	7.732712753539811	
1.6378346554619058E12	7.69703658783872	
1.637834655481437E12	7.712662940740142	
1.6378346555009683E12	7.6785734508721175	
1.6378346555204993E12	7.721005009135208	
1.6378346555400305E12	7.749877701188449	
1.6378346555595615E12	7.660711327478647	
1.6378346555790928E12	7.689704222246514	
1.637834655598624E12	7.67967931584668	
1.637834655618155E12	7.701123480136014	
1.6378346556376863E12	7.710306967533466	
1.6378346556572173E12	7.707614426725836	
1.6378346556767485E12	7.721533901079564	
1.6378346556962795E12	7.758724620984946	
1.6378346557158108E12	7.729226874815648	
1.637834655735342E12	7.6244101076614985	
1.637834655754873E12	7.6604949625923195	
1.6378346557744043E12	7.697469317611374	
1.6378346557939353E12	7.713312035399124	
1.6378346558134666E12	7.7312703209642955	
1.6378346558329978E12	7.683742167601049	
1.6378346558525288E12	7.679126383359399	
1.63783465587206E12	7.713215873227423	
1.637834655891591E12	7.7457908088911545	
1.6378346559111223E12	7.710980102735373	
1.6378346559306536E12	7.698647304214712	
1.6378346559501846E12	7.7065326022942	
1.6378346559697158E12	7.714994873403892	
1.6378346559892468E12	7.778966758128019	
1.637834656008778E12	7.741511592250458	
1.637834656028309E12	7.732472348110559	
1.6378346560478403E12	7.7168459952091375	
1.6378346560673716E12	7.735068726746487	
1.6378346560869026E12	7.7241543202584175	
1.6378346561064338E12	7.728842226128844	
1.6378346561259648E12	7.732688712996886	
1.637834656145496E12	7.7512720526781145	
1.6378346561650273E12	7.751608620279068	
1.6378346561845583E12	7.758989066957124	
1.6378346562040896E12	7.753459742084313	
1.6378346562236206E12	7.7544694448871745	
1.6378346562431519E12	7.75134417430689	
1.637834656262683E12	7.75545510714711	
1.637834656282214E12	7.757594715467459	
1.6378346563017454E12	7.754974296288605	
1.6378346563212764E12	7.7630519187114935	
1.6378346563408076E12	7.7625951483959135	
1.6378346563603386E12	7.767355175895116	
1.6378346563798699E12	7.778245541840261	
1.6378346563994011E12	7.773701879227386	
1.6378346564189321E12	7.776250176777464	
1.6378346564384634E12	7.776298257863314	
1.6378346564579944E12	7.778245541840261	
1.6378346564775256E12	7.779615852787001	
1.637834656497057E12	7.776634825464268	
1.637834656516588E12	7.775721284833108	
1.6378346565361191E12	7.778173420211485	
1.6378346565556501E12	7.7827892044531355	
1.6378346565751814E12	7.7772358390374	
1.6378346565947126E12	7.790794705247248	
1.6378346566142437E12	7.796588476092237	
1.637834656633775E12	7.792525624337867	
